{"cameraMode":{"drawMode":0,"name":"Shaded","section":"Shading Mode"},"sceneLighting":true,"audioPlay":false,"sceneViewState":{"m_AlwaysRefresh":false,"showFog":true,"showSkybox":false,"showFlares":true,"showImageEffects":true,"showParticleSystems":true,"showVisualEffectGraphs":true,"m_FxEnabled":true},"in2DMode":false,"pivot":{"x":-0.10000002384185791,"y":1.1175870895385743e-8,"z":2.5000009536743166},"rotation":{"x":0.094626285135746,"y":0.04768965765833855,"z":-0.004203419666737318,"w":0.9949395656585693},"size":2.503997802734375,"orthographic":false}