{"cameraMode":{"drawMode":0,"name":"Shaded","section":"Shading Mode"},"sceneLighting":true,"audioPlay":false,"sceneViewState":{"m_AlwaysRefresh":false,"showFog":true,"showSkybox":false,"showFlares":true,"showImageEffects":true,"showParticleSystems":true,"showVisualEffectGraphs":true,"m_FxEnabled":true},"in2DMode":false,"pivot":{"x":-0.6414380669593811,"y":-0.8608341813087463,"z":3.42254376411438},"rotation":{"x":0.14982248842716218,"y":-0.006020844914019108,"z":0.0012443240266293288,"w":0.9892752170562744},"size":2.503997802734375,"orthographic":false}