{"cameraMode":{"drawMode":0,"name":"Shaded","section":"Shading Mode"},"sceneLighting":false,"audioPlay":false,"sceneViewState":{"m_AlwaysRefresh":false,"showFog":true,"showSkybox":false,"showFlares":true,"showImageEffects":true,"showParticleSystems":true,"showVisualEffectGraphs":true,"m_FxEnabled":true},"in2DMode":false,"pivot":{"x":1.1148386001586915,"y":1.3302396535873414,"z":2.4032933712005617},"rotation":{"x":0.11497536301612854,"y":0.7974468469619751,"z":-0.14373981952667237,"w":0.5788244009017944},"size":4.2486042976379398,"orthographic":false}