{"cameraMode":{"drawMode":0,"name":"Shaded","section":"Shading Mode"},"sceneLighting":false,"audioPlay":false,"sceneViewState":{"m_AlwaysRefresh":false,"showFog":true,"showSkybox":false,"showFlares":true,"showImageEffects":true,"showParticleSystems":true,"showVisualEffectGraphs":true,"m_FxEnabled":true},"in2DMode":false,"pivot":{"x":129.4967498779297,"y":25.165775299072267,"z":-10.229829788208008},"rotation":{"x":0.06357226520776749,"y":0.3179588317871094,"z":-0.01892310194671154,"w":0.9462690949440002},"size":1.1349128484725953,"orthographic":false}