{"cameraMode":{"drawMode":0,"name":"Shaded","section":"Shading Mode"},"sceneLighting":true,"audioPlay":false,"sceneViewState":{"m_AlwaysRefresh":false,"showFog":true,"showSkybox":false,"showFlares":true,"showImageEffects":true,"showParticleSystems":true,"showVisualEffectGraphs":true,"m_FxEnabled":true},"in2DMode":false,"pivot":{"x":131.6414794921875,"y":10.969218254089356,"z":132.3034210205078},"rotation":{"x":0.08614688366651535,"y":0.43672582507133486,"z":-0.04203624650835991,"w":0.8945091962814331},"size":2.9795284271240236,"orthographic":false}