{"cameraMode":{"drawMode":0,"name":"Shaded","section":"Shading Mode"},"sceneLighting":true,"audioPlay":false,"sceneViewState":{"m_AlwaysRefresh":false,"showFog":true,"showSkybox":false,"showFlares":true,"showImageEffects":true,"showParticleSystems":true,"showVisualEffectGraphs":true,"m_FxEnabled":true},"in2DMode":false,"pivot":{"x":77.86119079589844,"y":14.711870193481446,"z":61.83247375488281},"rotation":{"x":-0.08838903903961182,"y":-0.25963395833969118,"z":0.02324407920241356,"w":-0.9616353511810303},"size":16.183998107910158,"orthographic":false}