{"cameraMode":{"drawMode":0,"name":"Shaded","section":"Shading Mode"},"sceneLighting":true,"audioPlay":false,"sceneViewState":{"m_AlwaysRefresh":false,"showFog":true,"showSkybox":false,"showFlares":true,"showImageEffects":true,"showParticleSystems":true,"showVisualEffectGraphs":true,"m_FxEnabled":true},"in2DMode":false,"pivot":{"x":89.67350769042969,"y":5.744826316833496,"z":-8.497503280639649},"rotation":{"x":0.05445161834359169,"y":0.04428095743060112,"z":0.004864063113927841,"w":-0.9983589053153992},"size":5.6514177322387699,"orthographic":false}