{"cameraMode":{"drawMode":0,"name":"Shaded","section":"Shading Mode"},"sceneLighting":true,"audioPlay":false,"sceneViewState":{"m_AlwaysRefresh":false,"showFog":true,"showSkybox":false,"showFlares":true,"showImageEffects":true,"showParticleSystems":true,"showVisualEffectGraphs":true,"m_FxEnabled":true},"in2DMode":false,"pivot":{"x":25.45271873474121,"y":2.002070426940918,"z":8.5408935546875},"rotation":{"x":0.0033261971548199655,"y":-0.9849308133125305,"z":0.026805974543094636,"w":-0.17369601130485536},"size":2.0911672115325929,"orthographic":false}