{"cameraMode":{"drawMode":0,"name":"Shaded","section":"Shading Mode"},"sceneLighting":true,"audioPlay":false,"sceneViewState":{"m_AlwaysRefresh":false,"showFog":true,"showSkybox":false,"showFlares":true,"showImageEffects":true,"showParticleSystems":true,"showVisualEffectGraphs":true,"m_FxEnabled":true},"in2DMode":false,"pivot":{"x":83.32964324951172,"y":18.465301513671876,"z":26.429445266723634},"rotation":{"x":0.06308827549219132,"y":0.0816710814833641,"z":-0.00554279051721096,"w":0.9957222938537598},"size":7.927381992340088,"orthographic":false}