{"cameraMode":{"drawMode":0,"name":"Shaded","section":"Shading Mode"},"sceneLighting":true,"audioPlay":false,"sceneViewState":{"m_AlwaysRefresh":false,"showFog":true,"showSkybox":false,"showFlares":true,"showImageEffects":true,"showParticleSystems":true,"showVisualEffectGraphs":true,"m_FxEnabled":true},"in2DMode":false,"pivot":{"x":144.35169982910157,"y":3.8969526290893556,"z":-17.53587532043457},"rotation":{"x":-0.013497314415872097,"y":-0.7126737833023071,"z":0.025051021948456765,"w":-0.7016211152076721},"size":2.0911672115325929,"orthographic":false}