{"cameraMode":{"drawMode":0,"name":"Shaded","section":"Shading Mode"},"sceneLighting":true,"audioPlay":false,"sceneViewState":{"m_AlwaysRefresh":false,"showFog":true,"showSkybox":false,"showFlares":true,"showImageEffects":true,"showParticleSystems":true,"showVisualEffectGraphs":true,"m_FxEnabled":true},"in2DMode":false,"pivot":{"x":87.26414489746094,"y":5.068601608276367,"z":-1.8298320770263672},"rotation":{"x":-0.03816638141870499,"y":-0.11601747572422028,"z":0.004307459574192762,"w":-0.9928709268569946},"size":6.670556545257568,"orthographic":false}