{"cameraMode":{"drawMode":0,"name":"Shaded","section":"Shading Mode"},"sceneLighting":true,"audioPlay":false,"sceneViewState":{"m_AlwaysRefresh":false,"showFog":true,"showSkybox":false,"showFlares":true,"showImageEffects":true,"showParticleSystems":true,"showVisualEffectGraphs":true,"m_FxEnabled":true},"in2DMode":false,"pivot":{"x":29.078195571899415,"y":3.359217882156372,"z":-12.143552780151368},"rotation":{"x":0.02306828461587429,"y":0.32628101110458376,"z":-0.007685788907110691,"w":0.945144772529602},"size":0.8660253882408142,"orthographic":false}