{"cameraMode":{"drawMode":0,"name":"Shaded","section":"Shading Mode"},"sceneLighting":true,"audioPlay":false,"sceneViewState":{"m_AlwaysRefresh":false,"showFog":true,"showSkybox":false,"showFlares":true,"showImageEffects":true,"showParticleSystems":true,"showVisualEffectGraphs":true,"m_FxEnabled":true},"in2DMode":false,"pivot":{"x":53.76724624633789,"y":9.671175956726075,"z":132.45053100585938},"rotation":{"x":0.011474075727164746,"y":-0.7075390815734863,"z":-0.011866590939462185,"w":-0.7067512273788452},"size":16.183998107910158,"orthographic":false}