{"cameraMode":{"drawMode":0,"name":"Shaded","section":"Shading Mode"},"sceneLighting":true,"audioPlay":false,"sceneViewState":{"m_AlwaysRefresh":false,"showFog":true,"showSkybox":false,"showFlares":true,"showImageEffects":true,"showParticleSystems":true,"showVisualEffectGraphs":true,"m_FxEnabled":true},"in2DMode":false,"pivot":{"x":137.7125701904297,"y":20.34964942932129,"z":95.73151397705078},"rotation":{"x":-0.015573697164654732,"y":-0.3743308186531067,"z":0.007931094616651535,"w":-0.9277563095092773},"size":21.050912857055665,"orthographic":false}