{"cameraMode":{"drawMode":0,"name":"Shaded","section":"Shading Mode"},"sceneLighting":true,"audioPlay":false,"sceneViewState":{"m_AlwaysRefresh":false,"showFog":true,"showSkybox":false,"showFlares":true,"showImageEffects":true,"showParticleSystems":true,"showVisualEffectGraphs":true,"m_FxEnabled":true},"in2DMode":false,"pivot":{"x":52.276145935058597,"y":6.2727580070495609,"z":102.37061309814453},"rotation":{"x":0.02839343622326851,"y":-0.13332098722457887,"z":-0.0060733286663889889,"w":0.9919322729110718},"size":12.269668579101563,"orthographic":false}