{"cameraMode":{"drawMode":0,"name":"Shaded","section":"Shading Mode"},"sceneLighting":true,"audioPlay":false,"sceneViewState":{"m_AlwaysRefresh":false,"showFog":true,"showSkybox":false,"showFlares":true,"showImageEffects":true,"showParticleSystems":true,"showVisualEffectGraphs":true,"m_FxEnabled":true},"in2DMode":false,"pivot":{"x":147.64398193359376,"y":2.7926504611968996,"z":-11.168557167053223},"rotation":{"x":-0.07041117548942566,"y":0.9234633445739746,"z":-0.20436497032642365,"w":-0.31788697838783266},"size":1.7011908292770386,"orthographic":false}