{"cameraMode":{"drawMode":0,"name":"Shaded","section":"Shading Mode"},"sceneLighting":true,"audioPlay":false,"sceneViewState":{"m_AlwaysRefresh":false,"showFog":true,"showSkybox":false,"showFlares":true,"showImageEffects":true,"showParticleSystems":true,"showVisualEffectGraphs":true,"m_FxEnabled":true},"in2DMode":false,"pivot":{"x":107.79219055175781,"y":3.2417960166931154,"z":20.560632705688478},"rotation":{"x":0.010096287354826928,"y":-0.7009840607643127,"z":0.008146134205162526,"w":0.7140742540359497},"size":20.26332664489746,"orthographic":false}