{"cameraMode":{"drawMode":0,"name":"Shaded","section":"Shading Mode"},"sceneLighting":true,"audioPlay":false,"sceneViewState":{"m_AlwaysRefresh":false,"showFog":true,"showSkybox":false,"showFlares":true,"showImageEffects":true,"showParticleSystems":true,"showVisualEffectGraphs":true,"m_FxEnabled":true},"in2DMode":false,"pivot":{"x":129.70323181152345,"y":8.484917640686036,"z":62.32560729980469},"rotation":{"x":-0.18159465491771699,"y":0.001980250235646963,"z":0.021604329347610475,"w":-0.9846298098564148},"size":1.074751853942871,"orthographic":false}