{"cameraMode":{"drawMode":0,"name":"Shaded","section":"Shading Mode"},"sceneLighting":true,"audioPlay":false,"sceneViewState":{"m_AlwaysRefresh":false,"showFog":true,"showSkybox":false,"showFlares":true,"showImageEffects":true,"showParticleSystems":true,"showVisualEffectGraphs":true,"m_FxEnabled":true},"in2DMode":false,"pivot":{"x":59.930145263671878,"y":-2.8927206993103029,"z":2.444314479827881},"rotation":{"x":-0.055150020867586139,"y":-0.7062612175941467,"z":0.057631541043519977,"w":-0.7038795351982117},"size":16.78714370727539,"orthographic":false}