{"cameraMode":{"drawMode":0,"name":"Shaded","section":"Shading Mode"},"sceneLighting":true,"audioPlay":false,"sceneViewState":{"m_AlwaysRefresh":false,"showFog":true,"showSkybox":false,"showFlares":true,"showImageEffects":true,"showParticleSystems":true,"showVisualEffectGraphs":true,"m_FxEnabled":true},"in2DMode":false,"pivot":{"x":69.66776275634766,"y":-18.849802017211915,"z":61.948577880859378},"rotation":{"x":0.17299123108386994,"y":0.22063486278057099,"z":-0.034906964749097827,"w":0.9613275527954102},"size":48.29985046386719,"orthographic":false}