{"cameraMode":{"drawMode":0,"name":"Shaded","section":"Shading Mode"},"sceneLighting":false,"audioPlay":false,"sceneViewState":{"m_AlwaysRefresh":false,"showFog":true,"showSkybox":false,"showFlares":true,"showImageEffects":true,"showParticleSystems":true,"showVisualEffectGraphs":true,"m_FxEnabled":true},"in2DMode":false,"pivot":{"x":-4.4222917556762699,"y":1.864202857017517,"z":-4.887377738952637},"rotation":{"x":-0.06169378384947777,"y":-0.3928731679916382,"z":0.028116324916481973,"w":-0.9174244999885559},"size":0.000017320508050033823,"orthographic":false}