{"cameraMode":{"drawMode":0,"name":"Shaded","section":"Shading Mode"},"sceneLighting":false,"audioPlay":false,"sceneViewState":{"m_AlwaysRefresh":false,"showFog":false,"showSkybox":false,"showFlares":false,"showImageEffects":false,"showParticleSystems":false,"showVisualEffectGraphs":true,"m_FxEnabled":true},"in2DMode":false,"pivot":{"x":-0.1525329053401947,"y":-0.09001484513282776,"z":0.6931210160255432},"rotation":{"x":0.01777064986526966,"y":-0.9819744229316711,"z":-0.14361734688282014,"w":-0.12350748479366303},"size":0.1228308156132698,"orthographic":false}