{"cameraMode":{"drawMode":0,"name":"Shaded","section":"Shading Mode"},"sceneLighting":false,"audioPlay":false,"sceneViewState":{"m_AlwaysRefresh":false,"showFog":true,"showSkybox":false,"showFlares":true,"showImageEffects":true,"showParticleSystems":true,"showVisualEffectGraphs":true,"m_FxEnabled":true},"in2DMode":false,"pivot":{"x":118.64039611816406,"y":-15.810781478881836,"z":12.016759872436524},"rotation":{"x":-0.009772002696990967,"y":0.9553315043449402,"z":-0.3001686632633209,"w":-0.018864477053284646},"size":4.009670257568359,"orthographic":false}