{"cameraMode":{"drawMode":0,"name":"Shaded","section":"Shading Mode"},"sceneLighting":false,"audioPlay":false,"sceneViewState":{"m_AlwaysRefresh":false,"showFog":true,"showSkybox":false,"showFlares":true,"showImageEffects":true,"showParticleSystems":true,"showVisualEffectGraphs":true,"m_FxEnabled":true},"in2DMode":false,"pivot":{"x":220.431396484375,"y":0.10672122240066529,"z":98.44886016845703},"rotation":{"x":-0.21349944174289704,"y":-0.12475357949733734,"z":0.022971171885728837,"w":-0.9703983664512634},"size":17.787418365478517,"orthographic":false}