{"cameraMode":{"drawMode":0,"name":"Shaded","section":"Shading Mode"},"sceneLighting":false,"audioPlay":false,"sceneViewState":{"m_AlwaysRefresh":false,"showFog":true,"showSkybox":false,"showFlares":true,"showImageEffects":true,"showParticleSystems":true,"showVisualEffectGraphs":true,"m_FxEnabled":true},"in2DMode":false,"pivot":{"x":51.89759826660156,"y":28.08091163635254,"z":77.44910430908203},"rotation":{"x":0.009600101038813591,"y":-0.39855673909187319,"z":-0.0004797070287168026,"w":-0.9179378747940064},"size":2.5039968490600588,"orthographic":false}